[
    {
        "id": 1,
        "name": "Dolo"
    },
    {
        "id": 2,
        "name": "Thyronorm"
    },
    {
        "id": 3,
        "name": "Ecodprin Av"
    },
    {
        "id": 4,
        "name": "Calpol"
    },
    {
        "id": 5,
        "name": "Somprax D"
    },
    {
        "id": 6,
        "name": "Azee"
    },
    {
        "id": 7,
        "name": "Foracort"
    },
    {
        "id": 8,
        "name": "Hcqs"
    },
    {
        "id": 9,
        "name": "Thyrox"
    },
    {
        "id": 10,
        "name": "Zincovit"
    },
    {
        "id": 11,
        "name": "Limcee"
    },
    {
        "id": 12,
        "name": "Pantocid"
    },
    {
        "id": 13,
        "name": "Folvite"
    },
    {
        "id": 14,
        "name": "Rantac"
    },
    {
        "id": 15,
        "name": "D Rise"
    },
    {
        "id": 16,
        "name": "Doxolin"
    },
    {
        "id": 17,
        "name": "Glycomet"
    },
    {
        "id": 18,
        "name": "Folvite"
    },
    {
        "id": 19,
        "name": "Eltroxin"
    },
    {
        "id": 20,
        "name": "Nexpro Rd"
    },
    {
        "id": 21,
        "name": "Medrol"
    },
    {
        "id": 22,
        "name": "Predmet"
    }
]